{
    "0": {"banknotes": [{
        "quantity": "527.5",
        "id": "1"
    }]},
    "49182": {"banknotes": [{
        "quantity": "3945.0",
        "id": "2"
    }]},
    "24083": {"banknotes": [
        {
            "quantity": "243668.1",
            "id": "2"
        },
        {
            "quantity": "2150.0",
            "id": "1"
        }
    ]},
    "64100": {"banknotes": [
        {
            "quantity": "3855.0",
            "id": "2"
        },
        {
            "quantity": "1997.44",
            "id": "1"
        }
    ]},
    "83995": {"banknotes": [{
        "quantity": "157.7",
        "id": "1"
    }]}
}