{
    "0": {"coins": [
        {
            "quantity": "0.005",
            "id": "1"
        },
        {
            "quantity": "0.05",
            "id": "9"
        }
    ]},
    "23707": {"coins": [
        {
            "quantity": "200.0",
            "id": "6"
        },
        {
            "quantity": "150.0",
            "id": "15"
        },
        {
            "quantity": "20.0",
            "id": "13"
        },
        {
            "quantity": "0.004",
            "id": "1"
        }
    ]},
    "227": {"coins": [
        {
            "quantity": "25.0",
            "id": "4"
        },
        {
            "quantity": "10000.0",
            "id": "12"
        }
    ]},
    "89229": {"coins": [
        {
            "quantity": "1000.0",
            "id": "5"
        },
        {
            "quantity": "5.0",
            "id": "2"
        },
        {
            "quantity": "0.27999999999999997",
            "id": "9"
        }
    ]},
    "62659": {"coins": [{
        "quantity": "0.1",
        "id": "9"
    }]}
}